{
    "available_space": false,
    "id": "s",
    "size_max": 15.709692001342773,
    "size_mean": 7.658382825553417,
    "size_min": 0.9677820205688477,
    "total_size": 980.2730016708374
}