{
    "available_space": true,
    "size_max": 15.709692001342773,
    "size_mean": 7.651626808166504,
    "size_min": 0.9677820205688477,
    "total_size": 956.453351020813,
    "video_list": {
        "SFDK - Volver (Video Oficial)-hkpEA9zflLA.mp4": {
            "size": 14.546646118164062
        },
        "SHIMMY SHAKE - LAS MEJORES ROLAS DE LOS NOVENTAS-0LIjpp39UhA.mp4": {
            "size": 3.7344589233398438
        },
        "SID MSC _ YO SOY LO REAL _ VIDEO OFICIAL-IIkpYo2r36Q.mp4": {
            "size": 15.709692001342773
        },
        "SKA-P-El Gato Lopez.-y6ucaz3pGbE.mp4": {
            "size": 6.823431015014648
        },
        "SKALARIAK--DESPIDEME video.-3p0BmihBtTY.mp4": {
            "size": 9.050878524780273
        },
        "SKAP-Casposos-K8ACKc4a6PA.mp4": {
            "size": 12.743476867675781
        },
        "SRV Speaks-aY7Vnx6ePlw.mp4": {
            "size": 2.0975637435913086
        },
        "Satin Doll (Take 7)-WwEfX1v3soc.mp4": {
            "size": 4.8421220779418945
        },
        "Saves The Day 'Shoulder To The Wheel' (Official Music Video)-f5eOwgzJmV0.mp4": {
            "size": 15.18371868133545
        },
        "Saweetie & GALXARA - Sway With Me (from Birds of Prey - The Album) [Official Music Video]-19pp2jNapL4.mp4": {
            "size": 14.082778930664062
        },
        "Scarlett Rose - In My Beautiful Garden (Official Music Video)-Ca6wmYGBy5c.mp4": {
            "size": 14.09508991241455
        },
        "Scratch-N-Sniff-Ru6l5dpGLDQ.mp4": {
            "size": 4.4421892166137695
        },
        "Scubidu-pMH5opycO0o.mp4": {
            "size": 6.88560676574707
        },
        "Scuttle Buttin'-5r56RRl7-vU.mp4": {
            "size": 3.896580696105957
        },
        "Se que bebo se que fumo-nEsJqQAEoyI.mp4": {
            "size": 9.154335021972656
        },
        "Se te Olvida-eVR-yiBwsZc.mp4": {
            "size": 4.101941108703613
        },
        "Sean Paul ft. Debbie Nova - International Affair [DUTTY ROCK]-AAHTULZJzZ0.mp4": {
            "size": 4.261726379394531
        },
        "Sebasti\u00e1n Yatra - No Hay Nadie M\u00e1s-sD9_l3oDOag.mp4": {
            "size": 12.411393165588379
        },
        "Selena Gomez - Slow Down (Official)-Z8eXaXoUJRQ.mp4": {
            "size": 14.522087097167969
        },
        "Sergio Vega , me arruyas-fBUfUlF41CI.mp4": {
            "size": 3.161168098449707
        },
        "Sexo chungo-nxFlR2Evx8M.mp4": {
            "size": 4.953644752502441
        },
        "Shake, Rattle and Roll - Bill Haley and his Comets-8B7xr_EjbzE.mp4": {
            "size": 4.1614789962768555
        },
        "Shakira - Suerte (Whenever, Wherever)-a8Rwz6zBJSE.mp4": {
            "size": 11.936056137084961
        },
        "Sham Rock-Tell Me Ma (with lyrics)-So1qiyLaypk.mp4": {
            "size": 4.948297500610352
        },
        "Short Of Daybreak-a35XiKPqQI0.mp4": {
            "size": 4.096900939941406
        },
        "Si las cosas no fueran-tsV9G7qy9pI.mp4": {
            "size": 4.1335906982421875
        },
        "Si miro a las nubes-SQL4ipGiJjs.mp4": {
            "size": 12.212539672851562
        },
        "Silvio Rodriguez - Cancion del elegido-xRE5h8B0F6w.mp4": {
            "size": 4.662797927856445
        },
        "Similau \u2192 LP A Swingin' Safari (Bert Kaempfert)\ud83c\udf41-weiMpC9xEJw.mp4": {
            "size": 4.508967399597168
        },
        "Siniestro Total - (Aunque est\u00e9 en el frenopatico)  te tirar\u00e9 del atico-b4hpf3gD9Zk.mp4": {
            "size": 4.037507057189941
        },
        "Siniestro Total - Bailare sobre tu tumba-X8yLE3p9PgQ.mp4": {
            "size": 5.238713264465332
        },
        "Siniestro Total - Los Martires de Uganda-i2YsRfNZWOc.mp4": {
            "size": 5.069790840148926
        },
        "Siniestro Total - Matar Hippies en las Cies-KjNNWaXqmto.mp4": {
            "size": 4.768490791320801
        },
        "Siniestro Total - Todos los ahorcados mueren empalmados-cYnUJVZMzP0.mp4": {
            "size": 2.9455204010009766
        },
        "Sinister Exaggerator-Xvr1YbzPGuw.mp4": {
            "size": 4.416873931884766
        },
        "Sistema decadente - Lenguarmada-GFB_aDd6Pew.mp4": {
            "size": 5.8292131423950195
        },
        "Ska-P - Al Turr\u00f3n-XGpOnZj8KoQ.mp4": {
            "size": 5.859969139099121
        },
        "Ska-P - America Latina Libre!-dwhDet9VFAM.mp4": {
            "size": 7.595527648925781
        },
        "Ska-P - Animales De Laboratorio-YidCAvp5Ro8.mp4": {
            "size": 7.0976362228393555
        },
        "Ska-P - Circo Ib\u00e9rico-wH8ZHZ9VIv0.mp4": {
            "size": 5.730474472045898
        },
        "Ska-P - Como me pongo-zJAiZWCgpN8.mp4": {
            "size": 4.13311767578125
        },
        "Ska-P - El Olvidado-Occw4v-vMVA.mp4": {
            "size": 5.577869415283203
        },
        "Ska-P - El Vals Del Obrero-65qjU0gEXX4.mp4": {
            "size": 7.092597961425781
        },
        "Ska-P - Espa\u00f1a va Bien-kC9Ott_C44o.mp4": {
            "size": 7.353655815124512
        },
        "Ska-P - Esquirol-wQP4DYBhNl8.mp4": {
            "size": 5.808134078979492
        },
        "Ska-P - Insecto Urbano-QQAsotoKnl8.mp4": {
            "size": 6.130526542663574
        },
        "Ska-P - Insensibilidad-WWFWE2j4iVs.mp4": {
            "size": 7.474854469299316
        },
        "Ska-P - La Estampida-bDeIXD7wRsQ.mp4": {
            "size": 5.7524213790893555
        },
        "Ska-P - La Sesera No Va-XvuvoHUXV5U.mp4": {
            "size": 4.8156585693359375
        },
        "Ska-P - Lucrecia-MvW2qiT9lYI.mp4": {
            "size": 6.731972694396973
        },
        "Ska-P - Naval Xix\u00f3n-mlpw1I7EVdQ.mp4": {
            "size": 5.215215682983398
        },
        "Ska-P - No Te Pares-f3CmoGXD6Ww.mp4": {
            "size": 6.673097610473633
        },
        "Ska-P - Revistas Del Corazon-22RYdnQbAvg.mp4": {
            "size": 4.0712480545043945
        },
        "Ska-P - Romero El Madero-gL6ja95oRjM.mp4": {
            "size": 5.2009687423706055
        },
        "Ska-P - Violencia Machista-Iy9wkXxJaAc.mp4": {
            "size": 6.183812141418457
        },
        "Skeletons Of Society-l8_j7y1U5Qo.mp4": {
            "size": 11.044687271118164
        },
        "Skid Row - Monster Of Ballads Forever-2MyAC4smlY4.mp4": {
            "size": 4.8878984451293945
        },
        "Skid Row - Piece of Me (Official Music Video)-rArtHgO43iw.mp4": {
            "size": 15.002252578735352
        },
        "Skid Row Get The Fuck Out-GaS3UaCNiFE.mp4": {
            "size": 5.587446212768555
        },
        "Slide Thing (Live at Steamboat 1874, Austin, TX - April 1980)-1032IfN5zq4.mp4": {
            "size": 6.846834182739258
        },
        "Slim Harpo - Baby Scratch My Back-tM_VSouYnbE.mp4": {
            "size": 7.589787483215332
        },
        "Slip Slidin' Slim-4MT6lJGF7jA.mp4": {
            "size": 4.078351020812988
        },
        "Smithers-Jones-1zSUyeI1E1Q.mp4": {
            "size": 6.350516319274902
        },
        "Sniestro Total los esqueletos no tienen pilila-yIsQ8f7F8iQ.mp4": {
            "size": 1.3956832885742188
        },
        "Sobra la luz-cjN8Zx1cTvE.mp4": {
            "size": 5.722766876220703
        },
        "Soda Stereo - Estoy Azulado (Official Audio).mp4": {
            "size": 9.376487731933594
        },
        "Soldier Side - Intro-D_RCCXH3PPg.mp4": {
            "size": 0.9677820205688477
        },
        "Solo quiero un xod\u00f3-mAqj-o9_Jnk.mp4": {
            "size": 6.441729545593262
        },
        "Sonido Rebelde-lcGQuCkCQ04.mp4": {
            "size": 3.1086244583129883
        },
        "Sonora   El Huarachazo-KrvsMASVAXY.mp4": {
            "size": 5.036632537841797
        },
        "Sons of Belial-RQwCUoTdcx0.mp4": {
            "size": 11.270183563232422
        },