{
    "available_space": true,
    "id": "s",
    "size_max": 15.709692001342773,
    "size_mean": 7.634544372558594,
    "size_min": 0.9677820205688477,
    "total_size": 961.9525909423828
}