{
    "available_space": true,
    "id": "s",
    "size_max": 15.709692001342773,
    "size_mean": 7.651626808166504,
    "size_min": 0.9677820205688477,
    "total_size": 956.453351020813
}